id,first_name,last_name,email,gender
1,Heinrik,Warburton,hwarburton0@ocn.ne.jp,Male
2,Burt,Amort,bamort1@is.gd,Male
3,Malynda,McMichan,mmcmichan2@joomla.org,Female
4,Crissy,Hearne,chearne3@bravesites.com,Female
5,Frieda,Spencley,fspencley4@biglobe.ne.jp,Female
6,Eilis,Grosvenor,egrosvenor5@businessinsider.com,Female
7,Herc,Totaro,htotaro6@alexa.com,Male
8,Caddric,Wildman,cwildman7@fc2.com,Male
9,Pasquale,Crus,pcrus8@angelfire.com,Male
10,Kelwin,Ulyet,kulyet9@howstuffworks.com,Male
11,Stu,Vize,svizea@cornell.edu,Male
12,Jacquenetta,Blunden,jblundenb@smugmug.com,Female
13,Hewitt,Dingivan,hdingivanc@networkadvertising.org,Male
14,Kliment,Pauletti,kpaulettid@ebay.com,Male
15,Cobbie,Haslock,chaslocke@chronoengine.com,Male
16,Rafe,Harmeston,rharmestonf@youtu.be,Male
17,Culley,Kolin,ckoling@sogou.com,Male
18,Dallis,Quarlis,dquarlish@washington.edu,Male
19,Cullie,Pilgram,cpilgrami@alibaba.com,Male
20,Bethany,Ratley,bratleyj@umich.edu,Female
21,Myrilla,Osmant,mosmantk@slashdot.org,Female
22,Norean,Sandeford,nsandefordl@shinystat.com,Female
23,Stefania,Gilhool,sgilhoolm@1688.com,Female
24,Davin,Sarjeant,dsarjeantn@hud.gov,Male
25,Marlowe,Greason,mgreasono@google.it,Male
26,Sabra,McMoyer,smcmoyerp@linkedin.com,Female
27,Sara,Punyer,spunyerq@hhs.gov,Female
28,Giffie,Ferris,gferrisr@twitpic.com,Male
29,Rosemary,O'Crowley,rocrowleys@imdb.com,Female
30,Craig,Gerault,cgeraultt@pbs.org,Male
31,Estelle,Boissier,eboissieru@gmpg.org,Female
32,Robers,Chasmoor,rchasmoorv@buzzfeed.com,Male
33,Alleen,Ottiwill,aottiwillw@wired.com,Female
34,Marlie,Cresser,mcresserx@yellowpages.com,Female
35,Kimball,Haggarth,khaggarthy@upenn.edu,Male
36,Daphna,Sokale,dsokalez@netlog.com,Female
37,Arline,Predohl,apredohl10@edublogs.org,Female
38,Arte,Sanchez,asanchez11@shutterfly.com,Male
39,Zonnya,Ivanilov,zivanilov12@wp.com,Female
40,Jany,Wear,jwear13@census.gov,Female
41,Margarethe,Hewell,mhewell14@va.gov,Female
42,Luz,Leyninye,lleyninye15@yandex.ru,Female
43,Xerxes,Hobbema,xhobbema16@nhs.uk,Male
44,Terrill,Colling,tcolling17@live.com,Male
45,Idette,Horsted,ihorsted18@google.fr,Female
46,Jorie,Jedrzejczyk,jjedrzejczyk19@networksolutions.com,Female
47,Rita,Collingworth,rcollingworth1a@dyndns.org,Female
48,Tammie,Vowell,tvowell1b@guardian.co.uk,Female
49,Friedrick,Pfaffe,fpfaffe1c@wufoo.com,Male
50,Alberta,Farnon,afarnon1d@yandex.ru,Female
51,Roslyn,Tindall,rtindall1e@oakley.com,Female
52,Pattie,Laffoley-Lane,plaffoleylane1f@flavors.me,Female
53,Davina,Tesyro,dtesyro1g@washingtonpost.com,Female
54,Virgina,Tresise,vtresise1h@nydailynews.com,Female
55,Abigale,Tinan,atinan1i@hexun.com,Female
56,Cathrine,Baistow,cbaistow1j@comsenz.com,Female
57,Judas,Schistl,jschistl1k@ebay.co.uk,Male
58,Inna,Plank,iplank1l@statcounter.com,Female
59,Dale,Pitkeathley,dpitkeathley1m@soup.io,Female
60,Wit,Clericoates,wclericoates1n@artisteer.com,Male
61,Pascale,Plaister,pplaister1o@fotki.com,Male
62,Ken,Persey,kpersey1p@ft.com,Male
63,Alfie,Boxhill,aboxhill1q@shutterfly.com,Male
64,Reeta,Batrick,rbatrick1r@abc.net.au,Female
65,Aeriel,McGannon,amcgannon1s@amazon.de,Female
66,Amalie,Bransden,abransden1t@google.pl,Female
67,Meridith,Happel,mhappel1u@posterous.com,Female
68,Darin,McGarrell,dmcgarrell1v@photobucket.com,Male
69,Suzy,Hosburn,shosburn1w@wisc.edu,Female
70,Alex,Danielou,adanielou1x@hc360.com,Male
71,Pris,Triggel,ptriggel1y@123-reg.co.uk,Female
72,Brunhilda,Mardlin,bmardlin1z@ted.com,Female
73,Templeton,Suddell,tsuddell20@amazon.co.jp,Male
74,Corrianne,Carlaw,ccarlaw21@gnu.org,Female
75,Josephine,Indgs,jindgs22@google.com.br,Female
76,Corri,Macourek,cmacourek23@ning.com,Female
77,Desmund,Spatari,dspatari24@patch.com,Male
78,Celka,Moncreif,cmoncreif25@gmpg.org,Female
79,Christel,Refford,crefford26@plala.or.jp,Female
80,Lauree,Alelsandrovich,lalelsandrovich27@msn.com,Female
81,Guntar,Keyme,gkeyme28@4shared.com,Male
82,Bernard,Gyver,bgyver29@who.int,Male
83,Gabriel,Ellit,gellit2a@craigslist.org,Male
84,Jeralee,Blunsden,jblunsden2b@shutterfly.com,Female
85,Chiquita,De Metz,cdemetz2c@jigsy.com,Female
86,Spike,Kuschel,skuschel2d@bravesites.com,Male
87,Merwin,Cracoe,mcracoe2e@wikimedia.org,Male
88,Gordon,Abate,gabate2f@eepurl.com,Male
89,Emili,Perdue,eperdue2g@blogspot.com,Female
90,Teresina,Barosch,tbarosch2h@webmd.com,Female
91,Cam,Covington,ccovington2i@cargocollective.com,Female
92,Laney,Alfonsetti,lalfonsetti2j@aol.com,Male
93,Mort,Ogger,mogger2k@goodreads.com,Male
94,Hiram,O'Neill,honeill2l@hao123.com,Male
95,Phelia,Stood,pstood2m@clickbank.net,Female
96,Ezechiel,Scowen,escowen2n@psu.edu,Male
97,Cori,Corstorphine,ccorstorphine2o@abc.net.au,Male
98,Shayna,Whal,swhal2p@ebay.com,Female
99,Law,Volette,lvolette2q@java.com,Male
100,Lydie,Erni,lerni2r@imgur.com,Female
101,Ricoriki,Scamaden,rscamaden2s@ucla.edu,Male
102,Roxanna,Danelutti,rdanelutti2t@disqus.com,Female
103,Vernon,Kinnock,vkinnock2u@google.co.uk,Male
104,Rolfe,Tilson,rtilson2v@mediafire.com,Male
105,Aurore,Twinbrow,atwinbrow2w@europa.eu,Female
106,Celestyn,Hindenburg,chindenburg2x@netvibes.com,Female
107,Jenelle,Wylie,jwylie2y@nymag.com,Female
108,Daven,Colbeck,dcolbeck2z@disqus.com,Male
109,Harriet,Charlton,hcharlton30@livejournal.com,Female
110,Bing,Stansbie,bstansbie31@barnesandnoble.com,Male
111,Wilmette,Nelle,wnelle32@instagram.com,Female
112,Burg,McTeggart,bmcteggart33@webnode.com,Male
113,Annie,McGibbon,amcgibbon34@shinystat.com,Female
114,Elita,Keslake,ekeslake35@ucsd.edu,Female
115,Lira,Beiderbeck,lbeiderbeck36@unc.edu,Female
116,Talya,Dreini,tdreini37@4shared.com,Female
117,Joelle,Bockett,jbockett38@gizmodo.com,Female
118,Timotheus,Snaith,tsnaith39@wikispaces.com,Male
119,Zelda,Mooreed,zmooreed3a@topsy.com,Female
120,Malory,Rominov,mrominov3b@chron.com,Female
121,Maurice,Cardus,mcardus3c@i2i.jp,Male
122,Bathsheba,Drains,bdrains3d@craigslist.org,Female
123,Hinda,Orfeur,horfeur3e@netscape.com,Female
124,Sydney,Cater,scater3f@icq.com,Male
125,Ozzie,Tregale,otregale3g@gizmodo.com,Male
126,Patrizius,Redborn,predborn3h@altervista.org,Male
127,Ulrika,Sergent,usergent3i@artisteer.com,Female
128,Maribeth,McEllen,mmcellen3j@cbslocal.com,Female
129,Renard,Shenley,rshenley3k@oakley.com,Male
130,Orelle,Coper,ocoper3l@jimdo.com,Female
131,Kitti,Castri,kcastri3m@mtv.com,Female
132,Ive,Phlippi,iphlippi3n@artisteer.com,Male
133,Philipa,Roubeix,proubeix3o@baidu.com,Female
134,Nannie,Braithwaite,nbraithwaite3p@loc.gov,Female
135,Maximilianus,Franiak,mfraniak3q@amazonaws.com,Male
136,Lucio,Pawle,lpawle3r@omniture.com,Male
137,Theresita,Dunan,tdunan3s@un.org,Female
138,Elizabeth,Hilhouse,ehilhouse3t@bloglovin.com,Female
139,Barnebas,Liggons,bliggons3u@vimeo.com,Male
140,Rudolfo,Goering,rgoering3v@sourceforge.net,Male
141,Erie,Glasspoole,eglasspoole3w@hhs.gov,Male
142,Drona,Wilkie,dwilkie3x@businessinsider.com,Female
143,Nye,Conan,nconan3y@prnewswire.com,Male
144,Kelley,Retallack,kretallack3z@opera.com,Male
145,Connie,Witch,cwitch40@newyorker.com,Male
146,Adriano,Jackalin,ajackalin41@ebay.co.uk,Male
147,Elliott,Robson,erobson42@xing.com,Male
148,Benjy,Bellini,bbellini43@live.com,Male
149,Owen,Linfoot,olinfoot44@github.io,Male
150,Axe,Stangroom,astangroom45@reverbnation.com,Male
151,Dale,Dives,ddives46@oakley.com,Male
152,Adam,Hizir,ahizir47@msn.com,Male
153,Albertine,Behninck,abehninck48@dailymotion.com,Female
154,Carmina,Hamlin,chamlin49@time.com,Female
155,Dominic,Northage,dnorthage4a@indiegogo.com,Male
156,Billy,Dabernott,bdabernott4b@unesco.org,Male
157,Amandy,Davydkov,adavydkov4c@statcounter.com,Female
158,Vince,Facey,vfacey4d@boston.com,Male
159,Silvain,Pautot,spautot4e@arstechnica.com,Male
160,Stesha,Gorrissen,sgorrissen4f@army.mil,Female
161,Maribeth,Edgeler,medgeler4g@uol.com.br,Female
162,Terese,Goodin,tgoodin4h@hibu.com,Female
163,Cassie,Offin,coffin4i@webnode.com,Female
164,Kristoffer,Withrington,kwithrington4j@homestead.com,Male
165,Olenka,Stearn,ostearn4k@1688.com,Female
166,Gibbie,Jedryka,gjedryka4l@desdev.cn,Male
167,Dame,Romei,dromei4m@tamu.edu,Male
168,Emelita,Copcutt,ecopcutt4n@google.nl,Female
169,Carina,Rayburn,crayburn4o@homestead.com,Female
170,Wyndham,Pattenden,wpattenden4p@yandex.ru,Male
171,Taffy,Feighney,tfeighney4q@amazon.co.jp,Female
172,Auguste,Frusher,afrusher4r@shinystat.com,Female
173,Thane,Gilmartin,tgilmartin4s@ucoz.com,Male
174,Florri,Frowen,ffrowen4t@spiegel.de,Female
175,Lindsy,Warden,lwarden4u@sina.com.cn,Female
176,Ingmar,Danson,idanson4v@ihg.com,Male
177,Nikolia,Esselin,nesselin4w@technorati.com,Female
178,Angelina,Adelsberg,aadelsberg4x@studiopress.com,Female
179,Matilda,Chittem,mchittem4y@telegraph.co.uk,Female
180,Konstanze,Wonham,kwonham4z@shinystat.com,Female
181,Ivory,Cossey,icossey50@last.fm,Female
182,Christalle,Dungay,cdungay51@spiegel.de,Female
183,Boyd,Blanchette,bblanchette52@g.co,Male
184,Shermie,Kissock,skissock53@unc.edu,Male
185,Jermain,Shovlar,jshovlar54@independent.co.uk,Male
186,Benetta,Tredwell,btredwell55@arstechnica.com,Female
187,L;urette,Lorkins,llorkins56@mozilla.org,Female
188,Farleigh,Jessop,fjessop57@ebay.com,Male
189,Siouxie,Levine,slevine58@hhs.gov,Female
190,Grace,Venmore,gvenmore59@usa.gov,Male
191,Avictor,Silver,asilver5a@cornell.edu,Male
192,Costa,Obert,cobert5b@foxnews.com,Male
193,Sarah,Alden,salden5c@blog.com,Female
194,Goddart,Glendzer,gglendzer5d@dailymail.co.uk,Male
195,Valene,Bentz,vbentz5e@blog.com,Female
196,Opalina,Sergent,osergent5f@smh.com.au,Female
197,Isador,Beverstock,ibeverstock5g@shinystat.com,Male
198,Melva,Waudby,mwaudby5h@so-net.ne.jp,Female
199,Marge,Matveichev,mmatveichev5i@163.com,Female
200,Nikoletta,Pietron,npietron5j@mapy.cz,Female
201,Herbert,Boutwell,hboutwell5k@netlog.com,Male
202,Blair,Slaight,bslaight5l@ocn.ne.jp,Male
203,Sandor,Gidney,sgidney5m@aol.com,Male
204,Walther,Schuchmacher,wschuchmacher5n@wikia.com,Male
205,Meagan,Whysall,mwhysall5o@shareasale.com,Female
206,Germaine,Harms,gharms5p@whitehouse.gov,Female
207,Roberta,Demer,rdemer5q@usatoday.com,Female
208,Livvyy,MacHoste,lmachoste5r@virginia.edu,Female
209,Sergio,Collymore,scollymore5s@goo.ne.jp,Male
210,Claudio,O'Shee,coshee5t@altervista.org,Male
211,Britte,Clarkin,bclarkin5u@etsy.com,Female
212,Ardine,Boyat,aboyat5v@ebay.co.uk,Female
213,Berti,Magarrell,bmagarrell5w@utexas.edu,Female
214,Janenna,Di Pietro,jdipietro5x@feedburner.com,Female
215,Gerrie,Springthorp,gspringthorp5y@fotki.com,Male
216,Tammie,Merryfield,tmerryfield5z@homestead.com,Male
217,Dulciana,Temblett,dtemblett60@cargocollective.com,Female
218,Ira,Noraway,inoraway61@lulu.com,Male
219,Catherin,Dorbon,cdorbon62@booking.com,Female
220,Glenn,Stranahan,gstranahan63@vk.com,Male
221,Kath,Menary,kmenary64@google.es,Female
222,Melamie,Plenty,mplenty65@sourceforge.net,Female
223,Sheree,Maureen,smaureen66@parallels.com,Female
224,Marthe,Kleinplatz,mkleinplatz67@abc.net.au,Female
225,Glynda,Mander,gmander68@fotki.com,Female
226,Mead,Wayman,mwayman69@51.la,Female
227,Rochette,Tinniswood,rtinniswood6a@opera.com,Female
228,Chancey,Snowsill,csnowsill6b@infoseek.co.jp,Male
229,Oliviero,Kearle,okearle6c@cornell.edu,Male
230,Lynn,Pickton,lpickton6d@livejournal.com,Male
231,Justino,Hinze,jhinze6e@jiathis.com,Male
232,Lilah,Marioneau,lmarioneau6f@gizmodo.com,Female
233,Josselyn,Matashkin,jmatashkin6g@example.com,Female
234,Al,Brunsdon,abrunsdon6h@acquirethisname.com,Male
235,Lorrin,McFeate,lmcfeate6i@vk.com,Female
236,Nelly,Gerrad,ngerrad6j@merriam-webster.com,Female
237,Tedman,Torrijos,ttorrijos6k@geocities.jp,Male
238,Jodi,Roo,jroo6l@cafepress.com,Male
239,Rees,MacMeekan,rmacmeekan6m@nyu.edu,Male
240,Pattie,Kliment,pkliment6n@dell.com,Female
241,Ingamar,Gosalvez,igosalvez6o@dedecms.com,Male
242,Elbertina,MacGill,emacgill6p@w3.org,Female
243,Kimball,Spragg,kspragg6q@mapquest.com,Male
244,Franklin,Conville,fconville6r@nymag.com,Male
245,Luise,Pither,lpither6s@issuu.com,Female
246,Ramsay,Lindberg,rlindberg6t@digg.com,Male
247,Dell,Lindro,dlindro6u@slashdot.org,Male
248,Prent,Ioannidis,pioannidis6v@cam.ac.uk,Male
249,Kennett,Vine,kvine6w@cam.ac.uk,Male
250,Genovera,Chidlow,gchidlow6x@home.pl,Female
251,Junia,Berriman,jberriman6y@loc.gov,Female
252,Floris,Rashleigh,frashleigh6z@g.co,Female
253,Boote,Trustram,btrustram70@mozilla.com,Male
254,Merline,Puttan,mputtan71@java.com,Female
255,Harmonia,Yeaman,hyeaman72@ifeng.com,Female
256,Jillie,Brand-Hardy,jbrandhardy73@nbcnews.com,Female
257,Ursola,Ogger,uogger74@noaa.gov,Female
258,Janaya,Lowey,jlowey75@springer.com,Female
259,Mathias,Cullingworth,mcullingworth76@hp.com,Male
260,Becca,Perllman,bperllman77@weebly.com,Female
261,Lanna,Broxholme,lbroxholme78@amazon.de,Female
262,Vincents,Winchester,vwinchester79@feedburner.com,Male
263,Mendie,Colson,mcolson7a@smh.com.au,Male
264,Parrnell,Vigar,pvigar7b@macromedia.com,Male
265,Sigfrid,MacGiolla Pheadair,smacgiollapheadair7c@jugem.jp,Male
266,Virgie,Critchley,vcritchley7d@japanpost.jp,Male
267,Rupert,Boyda,rboyda7e@illinois.edu,Male
268,Harlin,Choake,hchoake7f@devhub.com,Male
269,Derby,Feaveryear,dfeaveryear7g@51.la,Male
270,Zena,Renad,zrenad7h@123-reg.co.uk,Female
271,Donn,Hug,dhug7i@eepurl.com,Male
272,Lorain,Willson,lwillson7j@biglobe.ne.jp,Female
273,Grace,Note,gnote7k@360.cn,Male
274,Mack,DeSousa,mdesousa7l@oakley.com,Male
275,Patricio,Faustian,pfaustian7m@nature.com,Male
276,Lynnelle,Lucian,llucian7n@soundcloud.com,Female
277,Chad,Brayn,cbrayn7o@abc.net.au,Female
278,Bartie,Cheak,bcheak7p@google.it,Male
279,Astrix,Gehring,agehring7q@addthis.com,Female
280,Maria,Mosdall,mmosdall7r@usatoday.com,Female
281,Lucas,Raulin,lraulin7s@wisc.edu,Male
282,Corty,Daulton,cdaulton7t@ucsd.edu,Male
283,Saba,Sammut,ssammut7u@xing.com,Female
284,Del,Crooks,dcrooks7v@hatena.ne.jp,Female
285,Biddy,Churchley,bchurchley7w@free.fr,Female
286,Silvie,Press,spress7x@blogtalkradio.com,Female
287,Hill,Bessey,hbessey7y@homestead.com,Male
288,Corissa,McGookin,cmcgookin7z@goodreads.com,Female
289,Von,Alesio,valesio80@weibo.com,Male
290,Raphael,Mogey,rmogey81@epa.gov,Male
291,Terese,Cordell,tcordell82@ovh.net,Female
292,Ev,Hyde,ehyde83@fotki.com,Male
293,Eleonore,Sellens,esellens84@kickstarter.com,Female
294,Jamie,Spearett,jspearett85@seesaa.net,Male
295,Alie,Pyzer,apyzer86@gnu.org,Female
296,Lynn,Piercy,lpiercy87@ehow.com,Male
297,Kania,Indgs,kindgs88@ocn.ne.jp,Female
298,Francyne,Mundle,fmundle89@furl.net,Female
299,Olivier,Bernasek,obernasek8a@statcounter.com,Male
300,Nanci,Normant,nnormant8b@jimdo.com,Female
301,Katine,Wodeland,kwodeland8c@constantcontact.com,Female
302,Amabel,Annes,aannes8d@oaic.gov.au,Female
303,Hamnet,Mugg,hmugg8e@blogger.com,Male
304,Laryssa,Dockwra,ldockwra8f@dot.gov,Female
305,Linc,Housden,lhousden8g@yolasite.com,Male
306,Lorry,Collingdon,lcollingdon8h@gizmodo.com,Female
307,Carlynn,Dawby,cdawby8i@vkontakte.ru,Female
308,Salmon,Bogey,sbogey8j@privacy.gov.au,Male
309,Thedric,Colton,tcolton8k@friendfeed.com,Male
310,Myranda,Sampey,msampey8l@marketwatch.com,Female
311,Madelina,Stock,mstock8m@house.gov,Female
312,Jourdain,Kerswell,jkerswell8n@youku.com,Male
313,Morley,D'Emanuele,mdemanuele8o@wisc.edu,Male
314,Amery,Weond,aweond8p@nih.gov,Male
315,Ware,Berfoot,wberfoot8q@businessinsider.com,Male
316,Chevalier,Larver,clarver8r@youku.com,Male
317,Brigitte,Hagger,bhagger8s@economist.com,Female
318,Zachariah,Saint,zsaint8t@arizona.edu,Male
319,Coreen,Hartegan,chartegan8u@networkadvertising.org,Female
320,Duff,Weth,dweth8v@harvard.edu,Male
321,Minta,Jahnke,mjahnke8w@simplemachines.org,Female
322,Cassaundra,Schultze,cschultze8x@canalblog.com,Female
323,Lucio,Bonefant,lbonefant8y@pagesperso-orange.fr,Male
324,Stirling,Gotch,sgotch8z@purevolume.com,Male
325,Donaugh,Hapgood,dhapgood90@canalblog.com,Male
326,Murial,Wyleman,mwyleman91@t.co,Female
327,Nona,Goldfinch,ngoldfinch92@facebook.com,Female
328,Westbrooke,Biskupek,wbiskupek93@ezinearticles.com,Male
329,Symon,Faulo,sfaulo94@zdnet.com,Male
330,Arden,Geeves,ageeves95@1688.com,Female
331,Karlik,Boddington,kboddington96@irs.gov,Male
332,Alvan,Warre,awarre97@photobucket.com,Male
333,Nevile,Mordey,nmordey98@angelfire.com,Male
334,Aube,Willment,awillment99@flickr.com,Male
335,Carney,Guinan,cguinan9a@1688.com,Male
336,Karney,Mitchener,kmitchener9b@nasa.gov,Male
337,Fidelity,Murford,fmurford9c@trellian.com,Female
338,Luella,Hindenburg,lhindenburg9d@about.com,Female
339,Gustavo,Male,gmale9e@washington.edu,Male
340,Laurel,Mathewes,lmathewes9f@canalblog.com,Female
341,Marigold,Chastenet,mchastenet9g@youku.com,Female
342,Alphonse,Kirkhouse,akirkhouse9h@pen.io,Male
343,Alverta,Vasyatkin,avasyatkin9i@amazon.co.jp,Female
344,Duffie,Chiene,dchiene9j@who.int,Male
345,Brittaney,Rate,brate9k@t.co,Female
346,Blinni,Pougher,bpougher9l@va.gov,Female
347,Pavel,Wilber,pwilber9m@spotify.com,Male
348,Amy,Murby,amurby9n@tripadvisor.com,Female
349,Bonnie,Lamberth,blamberth9o@multiply.com,Female
350,Jeromy,Andreichik,jandreichik9p@cam.ac.uk,Male
351,Emelia,Avramovich,eavramovich9q@huffingtonpost.com,Female
352,Rey,Demongeot,rdemongeot9r@wordpress.org,Male
353,Allegra,Knipe,aknipe9s@ucoz.com,Female
354,Idalina,Trever,itrever9t@ameblo.jp,Female
355,Ruggiero,Titt,rtitt9u@ftc.gov,Male
356,Georgetta,Exeter,gexeter9v@com.com,Female
357,Sula,Matiebe,smatiebe9w@npr.org,Female
358,Thorndike,McNee,tmcnee9x@rediff.com,Male
359,Dennison,Cota,dcota9y@icq.com,Male
360,Sean,Kennedy,skennedy9z@jalbum.net,Female
361,Cathrin,Gudeman,cgudemana0@purevolume.com,Female
362,Nick,Mertin,nmertina1@stanford.edu,Male
363,Toby,Routh,troutha2@msn.com,Female
364,Jacintha,Braferton,jbrafertona3@devhub.com,Female
365,D'arcy,Krolak,dkrolaka4@indiegogo.com,Male
366,Anstice,Ollington,aollingtona5@technorati.com,Female
367,Worthy,Chettle,wchettlea6@elpais.com,Male
368,Sophie,Aggio,saggioa7@over-blog.com,Female
369,Abbe,Scandrett,ascandretta8@wikimedia.org,Male
370,Karlan,Fochs,kfochsa9@facebook.com,Male
371,Orsa,Flisher,oflisheraa@ca.gov,Female
372,Maximilianus,Lindenman,mlindenmanab@hud.gov,Male
373,Ruggiero,Shorto,rshortoac@examiner.com,Male
374,Clayborn,Thal,cthalad@deviantart.com,Male
375,Eugenius,Lambal,elambalae@mapy.cz,Male
376,Mateo,Bengtson,mbengtsonaf@paginegialle.it,Male
377,Drusie,Hoff,dhoffag@wikia.com,Female
378,Camella,Lattka,clattkaah@google.fr,Female
379,Lewie,Earngy,learngyai@discuz.net,Male
380,Mycah,McIlhone,mmcilhoneaj@naver.com,Male
381,Jedd,Zanardii,jzanardiiak@mit.edu,Male
382,Renate,McManus,rmcmanusal@sina.com.cn,Female
383,Hildegaard,Culp,hculpam@hhs.gov,Female
384,Balduin,Grayshan,bgrayshanan@newyorker.com,Male
385,Scott,Newe,sneweao@geocities.jp,Male
386,Zacharias,Ibbetson,zibbetsonap@vinaora.com,Male
387,Myrwyn,Potkin,mpotkinaq@nsw.gov.au,Male
388,Horatius,Batterton,hbattertonar@elpais.com,Male
389,Franciskus,Thew,fthewas@spiegel.de,Male
390,Sindee,Crips,scripsat@taobao.com,Female
391,Faun,Renault,frenaultau@twitter.com,Female
392,Ed,Antrobus,eantrobusav@indiegogo.com,Male
393,Moses,Whinray,mwhinrayaw@google.com,Male
394,Rustie,Guerreiro,rguerreiroax@chron.com,Male
395,Dalila,Neligan,dneliganay@usatoday.com,Female
396,Michel,Wofenden,mwofendenaz@reddit.com,Female
397,Anstice,O'Geaney,aogeaneyb0@furl.net,Female
398,Iorgos,MacKimm,imackimmb1@auda.org.au,Male
399,Kiley,Dismore,kdismoreb2@devhub.com,Male
400,Renaud,Vedeniktov,rvedeniktovb3@tinypic.com,Male
401,Neda,Bjerkan,nbjerkanb4@cargocollective.com,Female
402,Renato,Bellhouse,rbellhouseb5@yellowpages.com,Male
403,Michale,Try,mtryb6@discuz.net,Male
404,Zea,Nutman,znutmanb7@berkeley.edu,Female
405,Lucina,Clemendet,lclemendetb8@digg.com,Female
406,Chery,Coffey,ccoffeyb9@blog.com,Female
407,Bernarr,Kings,bkingsba@biglobe.ne.jp,Male
408,Worthington,Grinley,wgrinleybb@rambler.ru,Male
409,Purcell,Mathon,pmathonbc@mayoclinic.com,Male
410,Klement,Newsham,knewshambd@sitemeter.com,Male
411,Dodi,Disbury,ddisburybe@accuweather.com,Female
412,Elliot,Eldon,eeldonbf@redcross.org,Male
413,Helaina,Lagadu,hlagadubg@goodreads.com,Female
414,Daven,Ulster,dulsterbh@adobe.com,Male
415,Ado,Parmer,aparmerbi@csmonitor.com,Male
416,Dinny,Lemmertz,dlemmertzbj@springer.com,Female
417,Belvia,Verchambre,bverchambrebk@va.gov,Female
418,Barton,Toon,btoonbl@dmoz.org,Male
419,Mahmoud,Turle,mturlebm@cargocollective.com,Male
420,Garrek,De Bruijn,gdebruijnbn@yandex.ru,Male
421,Moise,Heam,mheambo@time.com,Male
422,Bordie,McSaul,bmcsaulbp@google.com.au,Male
423,Everett,Pottery,epotterybq@flickr.com,Male
424,Iris,Lilford,ililfordbr@alibaba.com,Female
425,Beulah,Burchill,bburchillbs@patch.com,Female
426,Rainer,Foyle,rfoylebt@sourceforge.net,Male
427,Tabor,Fielders,tfieldersbu@wunderground.com,Male
428,Edie,McNelly,emcnellybv@xinhuanet.com,Female
429,Harald,Gladebeck,hgladebeckbw@nydailynews.com,Male
430,Verine,Stit,vstitbx@uol.com.br,Female
431,Isadore,Lalley,ilalleyby@seattletimes.com,Male
432,Eleonore,Fishwick,efishwickbz@columbia.edu,Female
433,Tam,Bridgett,tbridgettc0@bloglovin.com,Male
434,Randy,Iddons,riddonsc1@privacy.gov.au,Male
435,Frank,Bannell,fbannellc2@miitbeian.gov.cn,Female
436,Kellina,Sowten,ksowtenc3@indiatimes.com,Female
437,Malinde,Behrend,mbehrendc4@jimdo.com,Female
438,Neysa,Couch,ncouchc5@shinystat.com,Female
439,Gertrudis,Bremond,gbremondc6@arstechnica.com,Female
440,Jehanna,Vondrach,jvondrachc7@youtu.be,Female
441,Johnath,Prestidge,jprestidgec8@statcounter.com,Female
442,Saxe,Drinan,sdrinanc9@sbwire.com,Male
443,Cooper,Mattiato,cmattiatoca@biglobe.ne.jp,Male
444,Glenn,Burdge,gburdgecb@vistaprint.com,Female
445,Dorolice,Betteridge,dbetteridgecc@vistaprint.com,Female
446,Barrie,McOrkill,bmcorkillcd@answers.com,Female
447,Mable,Backhurst,mbackhurstce@mit.edu,Female
448,Britni,Bithany,bbithanycf@skyrock.com,Female
449,Webb,Ivens,wivenscg@sun.com,Male
450,Bentlee,Brave,bbravech@wordpress.org,Male
451,Talia,Dell Casa,tdellcasaci@godaddy.com,Female
452,Jodi,Brumbie,jbrumbiecj@nyu.edu,Male
453,Eldin,Esposita,eespositack@so-net.ne.jp,Male
454,Pinchas,Gymblett,pgymblettcl@ebay.com,Male
455,Binky,Kennagh,bkennaghcm@washington.edu,Male
456,Valene,Ferrone,vferronecn@economist.com,Female
457,Carrol,Bramsom,cbramsomco@arstechnica.com,Male
458,Alexandrina,Mayston,amaystoncp@delicious.com,Female
459,Emalee,Edwin,eedwincq@sun.com,Female
460,Uriah,Livezey,ulivezeycr@amazon.com,Male
461,Eba,Kearford,ekearfordcs@behance.net,Female
462,Hamel,Hugin,hhuginct@dagondesign.com,Male
463,Emmott,Pantry,epantrycu@newsvine.com,Male
464,Raynor,Gearing,rgearingcv@blog.com,Male
465,Zacharie,Pexton,zpextoncw@weather.com,Male
466,Darill,Wurst,dwurstcx@artisteer.com,Male
467,Evaleen,Ibbott,eibbottcy@reuters.com,Female
468,Nilson,Imlen,nimlencz@mapquest.com,Male
469,Silvester,Cicchinelli,scicchinellid0@studiopress.com,Male
470,Nikolia,Tomaskunas,ntomaskunasd1@java.com,Female
471,Norbert,Verrechia,nverrechiad2@archive.org,Male
472,Dasi,Buckham,dbuckhamd3@dropbox.com,Female
473,Clevie,Emmert,cemmertd4@php.net,Male
474,Amandy,Dimitrie,adimitried5@wired.com,Female
475,Missie,Careless,mcarelessd6@howstuffworks.com,Female
476,Freddy,Keaveney,fkeaveneyd7@live.com,Male
477,Hillery,Boullin,hboullind8@free.fr,Male
478,Aguie,Fanshaw,afanshawd9@facebook.com,Male
479,Finley,Gatrill,fgatrillda@nbcnews.com,Male
480,Viki,Rizzardini,vrizzardinidb@phoca.cz,Female
481,Beltran,Trustram,btrustramdc@phoca.cz,Male
482,Melba,Horsted,mhorsteddd@tumblr.com,Female
483,Benn,Obal,bobalde@people.com.cn,Male
484,Lucho,Rogliero,lroglierodf@360.cn,Male
485,Benedict,Tarbard,btarbarddg@slate.com,Male
486,Jesse,Bayne,jbaynedh@oaic.gov.au,Male
487,Ainsley,Patnelli,apatnellidi@msn.com,Female
488,Patsy,MacAllen,pmacallendj@europa.eu,Female
489,Dalis,Bassindale,dbassindaledk@friendfeed.com,Male
490,Clarita,Pennings,cpenningsdl@disqus.com,Female
491,Nelia,Innot,ninnotdm@ask.com,Female
492,Dena,De la Yglesia,ddelayglesiadn@nature.com,Female
493,Yorgos,Winscom,ywinscomdo@naver.com,Male
494,Lyell,Colicot,lcolicotdp@springer.com,Male
495,Adriane,Ebertz,aebertzdq@tinypic.com,Female
496,Alf,Atte-Stone,aattestonedr@apple.com,Male
497,Chev,Antonich,cantonichds@yellowbook.com,Male
498,Fionna,Bierton,fbiertondt@histats.com,Female
499,Merl,Kocher,mkocherdu@ebay.co.uk,Female
500,Jillian,Gibbard,jgibbarddv@sciencedirect.com,Female
501,Cammie,MacGall,cmacgalldw@imageshack.us,Female
502,Earle,Djurisic,edjurisicdx@mapy.cz,Male
503,Osgood,Pyvis,opyvisdy@1688.com,Male
504,Alphonse,Rosini,arosinidz@thetimes.co.uk,Male
505,Doyle,Aleavy,daleavye0@europa.eu,Male
506,Salmon,Twiggs,stwiggse1@geocities.com,Male
507,Julissa,Gabbat,jgabbate2@is.gd,Female
508,Nickolas,Deviney,ndevineye3@utexas.edu,Male
509,Alena,Sarfati,asarfatie4@ameblo.jp,Female
510,Jim,Ianetti,jianettie5@amazon.co.uk,Male
511,Jamey,Eades,jeadese6@istockphoto.com,Male
512,Delmer,Roache,droachee7@samsung.com,Male
513,Becki,Chamberlen,bchamberlene8@wufoo.com,Female
514,Claire,Rains,crainse9@mozilla.org,Male
515,Floyd,Eakeley,feakeleyea@paginegialle.it,Male
516,Kathryne,Furneaux,kfurneauxeb@goo.ne.jp,Female
517,Aguie,Dutch,adutchec@newsvine.com,Male
518,Veronika,Alvey,valveyed@apple.com,Female
519,Lowell,Gellan,lgellanee@nyu.edu,Male
520,Paquito,Rupert,prupertef@about.com,Male
521,Lonny,Northern,lnortherneg@1688.com,Male
522,Natalya,Sansam,nsansameh@qq.com,Female
523,Lynnet,Gregore,lgregoreei@epa.gov,Female
524,Bartlett,Halsworth,bhalsworthej@irs.gov,Male
525,Jeanine,Hacquoil,jhacquoilek@eventbrite.com,Female
526,Blaine,Aleksankin,baleksankinel@china.com.cn,Male
527,Felice,Breyt,fbreytem@msn.com,Female
528,Myrah,Kilgour,mkilgouren@china.com.cn,Female
529,Yvon,Pedel,ypedeleo@naver.com,Male
530,Flinn,Stinton,fstintonep@cnet.com,Male
531,Itch,Eastwell,ieastwelleq@infoseek.co.jp,Male
532,Gill,Stanners,gstannerser@nydailynews.com,Male
533,Keriann,Eggleston,kegglestones@scribd.com,Female
534,Agnesse,Pyatt,apyattet@ibm.com,Female
535,Halsey,Emlen,hemleneu@discuz.net,Male
536,Rusty,Titterington,rtitteringtonev@aboutads.info,Male
537,Wes,Klaussen,wklaussenew@parallels.com,Male
538,Way,Runsey,wrunseyex@ebay.com,Male
539,Amandie,Eslinger,aeslingerey@php.net,Female
540,Rik,Brosetti,rbrosettiez@youtube.com,Male
541,Hyman,Gilder,hgilderf0@wikimedia.org,Male
542,Dalt,Pagan,dpaganf1@engadget.com,Male
543,Jacki,Shapero,jshaperof2@nyu.edu,Female
544,Theodosia,Standell,tstandellf3@wordpress.org,Female
545,Yetta,Fillimore,yfillimoref4@wikia.com,Female
546,Marianna,Schollar,mschollarf5@google.ca,Female
547,Morgen,Ivery,miveryf6@dmoz.org,Female
548,Jennee,Whayman,jwhaymanf7@soundcloud.com,Female
549,Nappie,Royston,nroystonf8@irs.gov,Male
550,Marybelle,Reyner,mreynerf9@addthis.com,Female
551,Othelia,Abramow,oabramowfa@hubpages.com,Female
552,Peter,Grace,pgracefb@ifeng.com,Male
553,Mellicent,MacGille,mmacgillefc@trellian.com,Female
554,Evelyn,Fayter,efayterfd@nih.gov,Female
555,Phineas,Gravestone,pgravestonefe@qq.com,Male
556,Bat,Finney,bfinneyff@chron.com,Male
557,Conn,Camfield,ccamfieldfg@people.com.cn,Male
558,Murvyn,Dallaway,mdallawayfh@google.co.uk,Male
559,Beret,Duncombe,bduncombefi@surveymonkey.com,Female
560,Megan,Dives,mdivesfj@creativecommons.org,Female
561,Brenda,Bofield,bbofieldfk@un.org,Female
562,Irene,Caley,icaleyfl@hhs.gov,Female
563,Jeffrey,Phillpotts,jphillpottsfm@shinystat.com,Male
564,Ardelia,Keppel,akeppelfn@myspace.com,Female
565,Batsheva,Sails,bsailsfo@imageshack.us,Female
566,Darleen,Noulton,dnoultonfp@theglobeandmail.com,Female
567,Christian,Grzegorzewicz,cgrzegorzewiczfq@indiegogo.com,Male
568,Taber,Cornewell,tcornewellfr@cam.ac.uk,Male
569,Gaston,Trank,gtrankfs@skype.com,Male
570,Loraine,Eales,lealesft@studiopress.com,Female
571,Jacquetta,Corry,jcorryfu@hp.com,Female
572,Caddric,McCarrick,cmccarrickfv@umn.edu,Male
573,Raff,Parades,rparadesfw@cornell.edu,Male
574,Cheri,Carbry,ccarbryfx@e-recht24.de,Female
575,Jed,Ryson,jrysonfy@wisc.edu,Male
576,Phelia,Voelker,pvoelkerfz@vistaprint.com,Female
577,Corny,Baack,cbaackg0@dailymotion.com,Female
578,Harv,Cheeney,hcheeneyg1@craigslist.org,Male
579,Norbie,Chyuerton,nchyuertong2@pcworld.com,Male
580,Cyrille,Criple,ccripleg3@utexas.edu,Male
581,Kean,Reuss,kreussg4@ucoz.com,Male
582,Shermie,Ditchburn,sditchburng5@over-blog.com,Male
583,Sari,Tyre,styreg6@salon.com,Female
584,Kaylyn,Norres,knorresg7@nbcnews.com,Female
585,Taber,Langdon,tlangdong8@surveymonkey.com,Male
586,Karel,Niessen,kniesseng9@privacy.gov.au,Male
587,Kaiser,Jira,kjiraga@unicef.org,Male
588,Morgen,Drennan,mdrennangb@salon.com,Female
589,Leonhard,Crane,lcranegc@wiley.com,Male
590,Brandie,Elloit,belloitgd@wix.com,Female
591,Carce,Rashleigh,crashleighge@state.tx.us,Male
592,Prent,Antonoczyk,pantonoczykgf@tinyurl.com,Male
593,Mannie,Campsall,mcampsallgg@zdnet.com,Male
594,Gasper,Kretschmer,gkretschmergh@dell.com,Male
595,Ingelbert,Golder,igoldergi@comcast.net,Male
596,Davy,Towe,dtowegj@multiply.com,Male
597,Corabel,Livock,clivockgk@biglobe.ne.jp,Female
598,Chloe,Jeffree,cjeffreegl@prnewswire.com,Female
599,Isadore,Pariso,iparisogm@theglobeandmail.com,Male
600,Issy,Demelt,idemeltgn@miibeian.gov.cn,Female
601,Tally,Haysar,thaysargo@ed.gov,Female
602,Ange,Sopp,asoppgp@mysql.com,Female
603,Teodora,Fegan,tfegangq@trellian.com,Female
604,Conway,Hadrill,chadrillgr@is.gd,Male
605,Desiri,Bohman,dbohmangs@delicious.com,Female
606,Zelig,Lealle,zleallegt@ucsd.edu,Male
607,Lindsay,Wison,lwisongu@theatlantic.com,Female
608,Dreddy,Giovanardi,dgiovanardigv@wp.com,Female
609,Alexandra,Carriage,acarriagegw@forbes.com,Female
610,Henri,Stilgoe,hstilgoegx@vk.com,Male
611,Etta,Large,elargegy@posterous.com,Female
612,Noemi,Upton,nuptongz@earthlink.net,Female
613,Isidora,Jewkes,ijewkesh0@npr.org,Female
614,Berte,Faas,bfaash1@wordpress.com,Female
615,Beverley,Lathey,blatheyh2@csmonitor.com,Female
616,Andrea,Remmers,aremmersh3@stanford.edu,Female
617,Mordy,Pinching,mpinchingh4@merriam-webster.com,Male
618,Foss,Oldman,foldmanh5@bbb.org,Male
619,Gale,Lutz,glutzh6@exblog.jp,Male
620,Gizela,Vice,gviceh7@angelfire.com,Female
621,Ximenes,Petrus,xpetrush8@umich.edu,Male
622,Kimberley,Menloe,kmenloeh9@networkadvertising.org,Female
623,Ambrosio,Blunsum,ablunsumha@scribd.com,Male
624,Cozmo,Dunk,cdunkhb@howstuffworks.com,Male
625,Nobie,McLugaish,nmclugaishhc@wikipedia.org,Male
626,Morie,Sproson,msprosonhd@paginegialle.it,Male
627,Crista,McEnhill,cmcenhillhe@hugedomains.com,Female
628,Kaila,Shillington,kshillingtonhf@forbes.com,Female
629,Ruth,Hayter,rhayterhg@123-reg.co.uk,Female
630,Simmonds,Whalebelly,swhalebellyhh@topsy.com,Male
631,Lynne,Doyland,ldoylandhi@prweb.com,Female
632,Stavro,Melley,smelleyhj@deviantart.com,Male
633,Harlin,Ewing,hewinghk@yahoo.com,Male
634,Laraine,MacPharlain,lmacpharlainhl@comcast.net,Female
635,Nerita,Longworth,nlongworthhm@state.gov,Female
636,Johannes,McNelly,jmcnellyhn@cargocollective.com,Male
637,Shalom,Littrik,slittrikho@rediff.com,Male
638,Tod,Lafranconi,tlafranconihp@jalbum.net,Male
639,Truman,Tyson,ttysonhq@paginegialle.it,Male
640,Grazia,Buckle,gbucklehr@squarespace.com,Female
641,Nanette,Goodger,ngoodgerhs@purevolume.com,Female
642,Peder,Cowlishaw,pcowlishawht@facebook.com,Male
643,Domingo,Gatcliff,dgatcliffhu@wikia.com,Male
644,Othilia,Blick,oblickhv@seattletimes.com,Female
645,Orelie,Malenfant,omalenfanthw@japanpost.jp,Female
646,Rinaldo,Letchford,rletchfordhx@about.me,Male
647,Gabriele,Gell,ggellhy@vk.com,Male
648,Pauli,Hanbridge,phanbridgehz@cam.ac.uk,Female
649,Margarete,Riding,mridingi0@storify.com,Female
650,Hector,Trathen,htratheni1@discuz.net,Male
651,Petronilla,Lohde,plohdei2@nature.com,Female
652,Roderick,Longstreeth,rlongstreethi3@ifeng.com,Male
653,Rozalin,Ferreira,rferreirai4@cam.ac.uk,Female
654,Griffith,Dressel,gdresseli5@list-manage.com,Male
655,Bryana,Grunguer,bgrungueri6@ebay.co.uk,Female
656,Jefferson,Rosetti,jrosettii7@oakley.com,Male
657,Aguste,Robley,arobleyi8@microsoft.com,Male
658,Wilie,Riceards,wriceardsi9@noaa.gov,Female
659,Gayler,Billsberry,gbillsberryia@huffingtonpost.com,Male
660,Arlette,Patzelt,apatzeltib@cnbc.com,Female
661,Miller,Izkovitch,mizkovitchic@zdnet.com,Male
662,Padriac,Saffrin,psaffrinid@merriam-webster.com,Male
663,Phaedra,McVane,pmcvaneie@themeforest.net,Female
664,Aristotle,Killwick,akillwickif@tmall.com,Male
665,Franz,Lewnden,flewndenig@deviantart.com,Male
666,Ange,Johnsey,ajohnseyih@infoseek.co.jp,Male
667,Orson,Labro,olabroii@illinois.edu,Male
668,Dewie,Rankling,dranklingij@liveinternet.ru,Male
669,Ferdie,Doding,fdodingik@ezinearticles.com,Male
670,Lee,Archbald,larchbaldil@google.es,Male
671,Margy,Faustian,mfaustianim@youku.com,Female
672,Fair,Mates,fmatesin@webmd.com,Male
673,Feodor,Pearcy,fpearcyio@so-net.ne.jp,Male
674,Reade,Fishby,rfishbyip@google.cn,Male
675,Berty,Winwright,bwinwrightiq@whitehouse.gov,Male
676,Hillary,Crow,hcrowir@pagesperso-orange.fr,Male
677,Bryn,Sant,bsantis@baidu.com,Female
678,Val,Plaskitt,vplaskittit@fda.gov,Male
679,Emmott,Bolsover,ebolsoveriu@marketwatch.com,Male
680,Isabelle,Plampin,iplampiniv@edublogs.org,Female
681,Cammy,Twinbourne,ctwinbourneiw@hao123.com,Male
682,Obed,Havvock,ohavvockix@google.com.au,Male
683,Isac,Trippett,itrippettiy@behance.net,Male
684,Franni,Dunderdale,fdunderdaleiz@moonfruit.com,Female
685,Wynne,Briddle,wbriddlej0@istockphoto.com,Female
686,Aguie,Carus,acarusj1@about.me,Male
687,Dionis,Rapaport,drapaportj2@prnewswire.com,Female
688,Roby,Emps,rempsj3@businessinsider.com,Female
689,Beniamino,Mould,bmouldj4@typepad.com,Male
690,Misty,Tetther,mtettherj5@sohu.com,Female
691,Shaine,Sigars,ssigarsj6@edublogs.org,Female
692,Faunie,Rozenzweig,frozenzweigj7@omniture.com,Female
693,Vanna,Bussey,vbusseyj8@purevolume.com,Female
694,Abelard,Humbee,ahumbeej9@issuu.com,Male
695,Clemmy,Stovell,cstovellja@pbs.org,Female
696,Ermanno,Bernon,ebernonjb@cdbaby.com,Male
697,Marinna,Hunnicot,mhunnicotjc@reddit.com,Female
698,Parsifal,MacGowan,pmacgowanjd@unc.edu,Male
699,Rahel,Buck,rbuckje@people.com.cn,Female
700,Willie,Sanchez,wsanchezjf@shop-pro.jp,Female
701,Gilberto,Nassie,gnassiejg@baidu.com,Male
702,Burnaby,Bastide,bbastidejh@dailymotion.com,Male
703,Anica,Jonin,ajoninji@bloomberg.com,Female
704,Tann,Wintour,twintourjj@globo.com,Male
705,Babb,Start,bstartjk@weebly.com,Female
706,Stephana,Rings,sringsjl@printfriendly.com,Female
707,Giraldo,Dibb,gdibbjm@bandcamp.com,Male
708,Brennan,Blaxeland,bblaxelandjn@furl.net,Male
709,Shawn,Redmain,sredmainjo@goodreads.com,Female
710,Bink,Laying,blayingjp@princeton.edu,Male
711,Aida,Kuschek,akuschekjq@shop-pro.jp,Female
712,Harp,Danko,hdankojr@51.la,Male
713,Dilly,Conkie,dconkiejs@ucoz.com,Male
714,Feodor,Kellet,fkelletjt@shutterfly.com,Male
715,Gordan,Jentges,gjentgesju@purevolume.com,Male
716,Jeramie,Stack,jstackjv@biglobe.ne.jp,Male
717,Kelcy,Bayle,kbaylejw@java.com,Female
718,Yorker,Blakey,yblakeyjx@skyrock.com,Male
719,Paolina,Waith,pwaithjy@blogspot.com,Female
720,Linn,Kidby,lkidbyjz@issuu.com,Female
721,Olav,Redan,oredank0@timesonline.co.uk,Male
722,Gaby,Balchin,gbalchink1@sphinn.com,Female
723,Travus,Freda,tfredak2@fda.gov,Male
724,Jarrett,Sinderson,jsindersonk3@sourceforge.net,Male
725,Minetta,Aslam,maslamk4@comcast.net,Female
726,Gibb,Birckmann,gbirckmannk5@trellian.com,Male
727,Storm,Morant,smorantk6@surveymonkey.com,Female
728,Ariel,Hutfield,ahutfieldk7@simplemachines.org,Male
729,Deina,Jaray,djarayk8@oakley.com,Female
730,Lewiss,Smedmoor,lsmedmoork9@google.nl,Male
731,Cassandra,Lorraine,clorraineka@tmall.com,Female
732,August,Eddis,aeddiskb@xinhuanet.com,Male
733,Hadley,Stooke,hstookekc@cloudflare.com,Male
734,Bailey,Boorer,bboorerkd@bbb.org,Male
735,Matthiew,Diess,mdiesske@aol.com,Male
736,Anissa,Farry,afarrykf@edublogs.org,Female
737,Finley,Critch,fcritchkg@oracle.com,Male
738,Olwen,Towsey,otowseykh@indiatimes.com,Female
739,Clarisse,Edensor,cedensorki@who.int,Female
740,Trip,Nestle,tnestlekj@devhub.com,Male
741,Allison,Klampt,aklamptkk@umn.edu,Female
742,Tobye,Turl,tturlkl@whitehouse.gov,Female
743,Jarrett,Cressor,jcressorkm@netvibes.com,Male
744,Hermon,Escritt,hescrittkn@acquirethisname.com,Male
745,Roddy,Booton,rbootonko@auda.org.au,Male
746,Charita,Soles,csoleskp@indiegogo.com,Female
747,Donni,Paute,dpautekq@blogs.com,Female
748,Vinnie,Nyles,vnyleskr@reference.com,Female
749,Hewett,Gaine of England,hgaineofenglandks@ask.com,Male
750,Annmarie,Hatrey,ahatreykt@nih.gov,Female
751,Giacopo,Vynall,gvynallku@deliciousdays.com,Male
752,Tracey,Pomery,tpomerykv@yale.edu,Male
753,Harley,Armitt,harmittkw@dagondesign.com,Male
754,Selinda,Beetham,sbeethamkx@posterous.com,Female
755,Frans,Everist,feveristky@github.com,Male
756,Omar,Stronough,ostronoughkz@hatena.ne.jp,Male
757,Vivia,Bernhard,vbernhardl0@gnu.org,Female
758,Oswald,Gellion,ogellionl1@desdev.cn,Male
759,Jammie,Ladell,jladelll2@odnoklassniki.ru,Female
760,Fitzgerald,Aughtie,faughtiel3@blinklist.com,Male
761,Roland,Corkett,rcorkettl4@nih.gov,Male
762,Shayne,Feaveryear,sfeaveryearl5@tmall.com,Female
763,Ethelyn,Inchley,einchleyl6@exblog.jp,Female
764,Edyth,Ecclestone,eecclestonel7@nationalgeographic.com,Female
765,Marji,Rowlstone,mrowlstonel8@miitbeian.gov.cn,Female
766,Nesta,Boyton,nboytonl9@arstechnica.com,Female
767,Honoria,Tripney,htripneyla@cloudflare.com,Female
768,Blaine,Grinyer,bgrinyerlb@psu.edu,Male
769,Fancy,Levy,flevylc@php.net,Female
770,Garek,Baradel,gbaradelld@linkedin.com,Male
771,Florrie,Beauchop,fbeauchople@whitehouse.gov,Female
772,Tyrus,Applebee,tapplebeelf@usatoday.com,Male
773,Mallory,Herche,mherchelg@cnn.com,Male
774,Alix,Ferres,aferreslh@huffingtonpost.com,Male
775,Gilli,Lerwill,glerwillli@imgur.com,Female
776,Ginni,Larchiere,glarchierelj@mit.edu,Female
777,Lucila,Jenik,ljeniklk@tuttocitta.it,Female
778,Benoit,Plaschke,bplaschkell@jugem.jp,Male
779,Marty,Winslet,mwinsletlm@yellowpages.com,Female
780,Irwin,Bolitho,ibolitholn@google.fr,Male
781,Tedman,McLorinan,tmclorinanlo@amazon.co.jp,Male
782,Fransisco,Creech,fcreechlp@mozilla.com,Male
783,Sanderson,Dight,sdightlq@unblog.fr,Male
784,Decca,Cominello,dcominellolr@cmu.edu,Male
785,Eldridge,Towersey,etowerseyls@miitbeian.gov.cn,Male
786,Sullivan,Burnyate,sburnyatelt@wikispaces.com,Male
787,Eleni,Pipet,epipetlu@gmpg.org,Female
788,Leisha,Trevorrow,ltrevorrowlv@mapquest.com,Female
789,Calley,Kilfoyle,ckilfoylelw@squidoo.com,Female
790,Susy,Alenikov,salenikovlx@weebly.com,Female
791,Barth,Wyre,bwyrely@huffingtonpost.com,Male
792,Liuka,Petriello,lpetriellolz@deliciousdays.com,Female
793,Nicky,Ciccarelli,nciccarellim0@about.com,Male
794,Nester,Letertre,nletertrem1@ebay.com,Male
795,Raf,Virr,rvirrm2@si.edu,Female
796,Melba,Large,mlargem3@geocities.com,Female
797,Dana,Fosserd,dfosserdm4@ask.com,Male
798,Thedric,Emanuele,temanuelem5@bravesites.com,Male
799,Jodie,Tucknott,jtucknottm6@liveinternet.ru,Male
800,Elfrieda,Brazear,ebrazearm7@privacy.gov.au,Female
801,Clyve,Semper,csemperm8@cisco.com,Male
802,Elianora,Lauridsen,elauridsenm9@spiegel.de,Female
803,Andrea,Teresia,ateresiama@cafepress.com,Male
804,Waldemar,Espinazo,wespinazomb@squarespace.com,Male
805,Beryle,Kuhnwald,bkuhnwaldmc@omniture.com,Female
806,Milt,Brasted,mbrastedmd@tripod.com,Male
807,Margaretta,Rowbury,mrowburyme@joomla.org,Female
808,Magdalena,Poolman,mpoolmanmf@webs.com,Female
809,Wilmette,Billo,wbillomg@aboutads.info,Female
810,Joceline,Simounet,jsimounetmh@delicious.com,Female
811,Meredeth,Dormer,mdormermi@t-online.de,Male
812,Verne,Joinsey,vjoinseymj@va.gov,Male
813,Selby,Probert,sprobertmk@about.com,Male
814,Abigale,Butchers,abutchersml@scientificamerican.com,Female
815,Kym,Goldring,kgoldringmm@yahoo.co.jp,Female
816,Conan,Pitcaithly,cpitcaithlymn@flickr.com,Male
817,Billy,Inold,binoldmo@patch.com,Male
818,Edouard,Maudsley,emaudsleymp@zimbio.com,Male
819,Tadeo,Kiera,tkieramq@soup.io,Male
820,Garwin,Langland,glanglandmr@latimes.com,Male
821,Bertrando,Heigl,bheiglms@samsung.com,Male
822,Dana,Dunnion,ddunnionmt@marriott.com,Female
823,Sol,Emson,semsonmu@cnet.com,Male
824,Shannon,Van Haeften,svanhaeftenmv@e-recht24.de,Male
825,Egan,Baude,ebaudemw@yale.edu,Male
826,Salaidh,Rigmand,srigmandmx@go.com,Female
827,Ramonda,Vreede,rvreedemy@creativecommons.org,Female
828,Joyann,Khidr,jkhidrmz@t.co,Female
829,Ward,Bremen,wbremenn0@dot.gov,Male
830,Lindsy,Jobling,ljoblingn1@un.org,Female
831,Allix,Waterstone,awaterstonen2@meetup.com,Female
832,Alfred,Schneider,aschneidern3@chicagotribune.com,Male
833,Marnia,Marzello,mmarzellon4@technorati.com,Female
834,Guido,Bartolomeoni,gbartolomeonin5@ebay.com,Male
835,Britt,McCambridge,bmccambridgen6@prlog.org,Female
836,Timotheus,Woolford,twoolfordn7@tiny.cc,Male
837,Rafaellle,Fitchell,rfitchelln8@tripod.com,Male
838,Kelly,McNellis,kmcnellisn9@multiply.com,Male
839,Jeniece,Wann,jwannna@typepad.com,Female
840,Rip,Corradino,rcorradinonb@europa.eu,Male
841,Madalyn,Stodart,mstodartnc@sakura.ne.jp,Female
842,Vladimir,Hellyar,vhellyarnd@wunderground.com,Male
843,Jefferson,Nund,jnundne@sohu.com,Male
844,Frasier,Harmston,fharmstonnf@mozilla.com,Male
845,Parry,Grout,pgroutng@geocities.jp,Male
846,Jdavie,Pallasch,jpallaschnh@marriott.com,Male
847,Wendi,Warkup,wwarkupni@blogspot.com,Female
848,Manuel,Whitmore,mwhitmorenj@nyu.edu,Male
849,Demetri,Queyeiro,dqueyeironk@cmu.edu,Male
850,Henri,Greneham,hgrenehamnl@pen.io,Male
851,Torie,Warby,twarbynm@hexun.com,Female
852,Madelina,Smitten,msmittennn@geocities.com,Female
853,Ringo,Rizzelli,rrizzellino@macromedia.com,Male
854,Corbin,Boas,cboasnp@prlog.org,Male
855,Murielle,McClancy,mmcclancynq@vinaora.com,Female
856,Mabelle,Copins,mcopinsnr@spiegel.de,Female
857,Caryn,Liddell,cliddellns@geocities.jp,Female
858,Zarla,Kenwood,zkenwoodnt@myspace.com,Female
859,Mendy,Wile,mwilenu@wordpress.org,Male
860,Rochella,Willment,rwillmentnv@uiuc.edu,Female
861,Maudie,Causon,mcausonnw@cloudflare.com,Female
862,Cari,Mussilli,cmussillinx@acquirethisname.com,Female
863,Onofredo,Freathy,ofreathyny@mayoclinic.com,Male
864,Libby,Goadbie,lgoadbienz@google.fr,Female
865,Pier,Howford,phowfordo0@yellowpages.com,Female
866,Allison,Shotton,ashottono1@shutterfly.com,Female
867,Lishe,Soff,lsoffo2@cam.ac.uk,Female
868,Lilith,Setch,lsetcho3@bloglines.com,Female
869,Stanislaw,Craig,scraigo4@walmart.com,Male
870,Ashton,Akid,aakido5@wsj.com,Male
871,Jerald,Albrook,jalbrooko6@pen.io,Male
872,Faythe,Aberkirdo,faberkirdoo7@google.ca,Female
873,Zacharie,Bezants,zbezantso8@blogtalkradio.com,Male
874,Selena,Schulken,sschulkeno9@miibeian.gov.cn,Female
875,Colas,Sikora,csikoraoa@ocn.ne.jp,Male
876,Damian,Attard,dattardob@bing.com,Male
877,Donna,Gwyn,dgwynoc@merriam-webster.com,Female
878,Luci,Keunemann,lkeunemannod@reverbnation.com,Female
879,Dasie,Flippini,dflippinioe@earthlink.net,Female
880,Gareth,Ordidge,gordidgeof@chronoengine.com,Male
881,Anthia,Zaniolo,azanioloog@bloomberg.com,Female
882,Jorie,Hoyle,jhoyleoh@skyrock.com,Female
883,Jobyna,Andrioli,jandriolioi@washington.edu,Female
884,Reagan,Shelbourne,rshelbourneoj@jigsy.com,Male
885,Court,Rudd,cruddok@census.gov,Male
886,Daffi,Skeath,dskeathol@about.me,Female
887,Tani,Bertelmot,tbertelmotom@bbb.org,Female
888,Jarrett,Stoyell,jstoyellon@multiply.com,Male
889,Ira,Czadla,iczadlaoo@who.int,Male
890,Lucretia,Dermott,ldermottop@wp.com,Female
891,Hephzibah,Persence,hpersenceoq@cargocollective.com,Female
892,Ara,Leeman,aleemanor@linkedin.com,Male
893,Trstram,Dufty,tduftyos@icq.com,Male
894,Hilary,Rubertelli,hrubertelliot@wikipedia.org,Female
895,Antony,Sisley,asisleyou@timesonline.co.uk,Male
896,Leshia,Frane,lfraneov@jiathis.com,Female
897,Nannie,Probin,nprobinow@parallels.com,Female
898,Lonee,Dyers,ldyersox@qq.com,Female
899,Deanna,Catmull,dcatmulloy@archive.org,Female
900,Ezequiel,Natwick,enatwickoz@scribd.com,Male
901,Joella,Andrivot,jandrivotp0@sakura.ne.jp,Female
902,Gaston,Cattlemull,gcattlemullp1@noaa.gov,Male
903,Lexis,Hussy,lhussyp2@usnews.com,Female
904,Dasha,Pariso,dparisop3@biglobe.ne.jp,Female
905,Rebecca,Renshell,rrenshellp4@bandcamp.com,Female
906,Hali,Wanley,hwanleyp5@yahoo.com,Female
907,Hilliard,Spreull,hspreullp6@google.nl,Male
908,Jody,Coomer,jcoomerp7@cyberchimps.com,Male
909,Julita,Lambillion,jlambillionp8@skyrock.com,Female
910,Edmund,Mould,emouldp9@stanford.edu,Male
911,Vance,Burren,vburrenpa@kickstarter.com,Male
912,Karissa,Derisly,kderislypb@mysql.com,Female
913,Jeddy,Coleford,jcolefordpc@taobao.com,Male
914,Christoforo,Brinkler,cbrinklerpd@instagram.com,Male
915,Allister,Lequeux,alequeuxpe@blogspot.com,Male
916,Aurelia,Cassely,acasselypf@ow.ly,Female
917,Nerty,Gregori,ngregoripg@unicef.org,Female
918,Carney,Barbery,cbarberyph@bizjournals.com,Male
919,Raviv,Beaconsall,rbeaconsallpi@ehow.com,Male
920,Elliot,Piens,epienspj@purevolume.com,Male
921,Elinor,Leal,elealpk@cyberchimps.com,Female
922,Joby,Reddish,jreddishpl@prlog.org,Female
923,Arielle,Twiddle,atwiddlepm@ibm.com,Female
924,Boothe,Duell,bduellpn@homestead.com,Male
925,Lief,Pfeffel,lpfeffelpo@hugedomains.com,Male
926,Adriaens,Humphries,ahumphriespp@networkadvertising.org,Female
927,Ernestus,Cullimore,ecullimorepq@ucla.edu,Male
928,Demetri,Prosser,dprosserpr@photobucket.com,Male
929,Alisa,Tambling,atamblingps@meetup.com,Female
930,Debee,Garces,dgarcespt@github.com,Female
931,Pavel,Baylis,pbaylispu@marriott.com,Male
932,Reba,Wyse,rwysepv@google.cn,Female
933,Elvyn,Guion,eguionpw@phoca.cz,Male
934,Pattin,Cheetham,pcheethampx@senate.gov,Male
935,Dolf,Wigin,dwiginpy@youtube.com,Male
936,Marcille,Nolli,mnollipz@buzzfeed.com,Female
937,Oran,Noon,onoonq0@phoca.cz,Male
938,Chiarra,Armstead,carmsteadq1@indiatimes.com,Female
939,Daune,Savine,dsavineq2@fastcompany.com,Female
940,Karlotte,Caudrelier,kcaudrelierq3@unblog.fr,Female
941,Dru,Really,dreallyq4@globo.com,Male
942,Carolina,Eustace,ceustaceq5@tripadvisor.com,Female
943,Jenn,Kendal,jkendalq6@uiuc.edu,Female
944,Mayne,Condell,mcondellq7@uol.com.br,Male
945,Efren,Leech,eleechq8@tmall.com,Male
946,Flore,Worral,fworralq9@howstuffworks.com,Female
947,Boigie,Ducker,bduckerqa@skype.com,Male
948,Gauthier,Courcey,gcourceyqb@cdc.gov,Male
949,Gabriel,Hutcheon,ghutcheonqc@shinystat.com,Female
950,Kip,O'Bradane,kobradaneqd@si.edu,Female
951,Wit,Laneham,wlanehamqe@symantec.com,Male
952,Kain,Chick,kchickqf@taobao.com,Male
953,Luther,Roscamps,lroscampsqg@harvard.edu,Male
954,Concordia,Roust,croustqh@mayoclinic.com,Female
955,Currey,Tournay,ctournayqi@nsw.gov.au,Male
956,Khalil,Preshous,kpreshousqj@tmall.com,Male
957,Barnebas,Strettell,bstrettellqk@ihg.com,Male
958,Libbie,Littlewood,llittlewoodql@irs.gov,Female
959,Bondon,Freeberne,bfreeberneqm@plala.or.jp,Male
960,Courtney,Caldow,ccaldowqn@dagondesign.com,Female
961,Petronella,Chezier,pchezierqo@surveymonkey.com,Female
962,Ariel,MacDunlevy,amacdunlevyqp@umn.edu,Male
963,Joelle,Yakushkin,jyakushkinqq@joomla.org,Female
964,Peggie,Clist,pclistqr@cbslocal.com,Female
965,Dex,Mc Gorley,dmcgorleyqs@usgs.gov,Male
966,Steffie,Humfrey,shumfreyqt@scientificamerican.com,Female
967,Mirella,Lathy,mlathyqu@creativecommons.org,Female
968,Edvard,Knowles,eknowlesqv@sfgate.com,Male
969,Chrysler,Thrower,cthrowerqw@forbes.com,Female
970,Kathrine,Beard,kbeardqx@shutterfly.com,Female
971,Lurleen,Morrow,lmorrowqy@tinyurl.com,Female
972,Dud,Gerlts,dgerltsqz@webnode.com,Male
973,Delmore,Gerrels,dgerrelsr0@huffingtonpost.com,Male
974,Donavon,Kane,dkaner1@engadget.com,Male
975,Humfrey,Kinahan,hkinahanr2@accuweather.com,Male
976,Philip,Kinkead,pkinkeadr3@toplist.cz,Male
977,Duncan,Shawley,dshawleyr4@shutterfly.com,Male
978,Jake,Watt,jwattr5@cpanel.net,Male
979,Romeo,McAleese,rmcaleeser6@mac.com,Male
980,Toni,Milkins,tmilkinsr7@booking.com,Female
981,Vassily,Di Maria,vdimariar8@mlb.com,Male
982,Skipper,Luter,sluterr9@hc360.com,Male
983,Marcia,Cranston,mcranstonra@mtv.com,Female
984,Ricca,Sage,rsagerb@blogtalkradio.com,Female
985,Antonino,Pendlenton,apendlentonrc@wordpress.org,Male
986,Liza,Yallowley,lyallowleyrd@behance.net,Female
987,Francisco,Klaas,fklaasre@xrea.com,Male
988,Lauritz,Parramore,lparramorerf@omniture.com,Male
989,Rozanna,Brotherhead,rbrotherheadrg@walmart.com,Female
990,Wenonah,Dalli,wdallirh@nbcnews.com,Female
991,Sansone,Clabburn,sclabburnri@tinypic.com,Male
992,Randolf,Feary,rfearyrj@senate.gov,Male
993,Lucius,Curtin,lcurtinrk@topsy.com,Male
994,Jyoti,MacInherney,jmacinherneyrl@etsy.com,Female
995,Vaughn,Seyers,vseyersrm@mlb.com,Male
996,Veronique,Crothers,vcrothersrn@cisco.com,Female
997,Elysee,Humbell,ehumbellro@cbslocal.com,Female
998,Rachelle,Gillan,rgillanrp@privacy.gov.au,Female
999,Bartel,Father,bfatherrq@bloomberg.com,Male
1000,Norton,Lount,nlountrr@slashdot.org,Male
